id,name,type,lat,lon,city,district,pincode
2729431492,"Kims Research Foundation Hospital Blood Bank",undefined,16.5910889,82.0224669,"Amalapuram","East Godavari",533201
6749249168,"King George Hospital (KGH) Blood Bank",undefined,17.7086522,83.304622,"Visakhapatnam","VISAKHAPATNAM",530002
6749249173,"Government Victoria Hospital Blood Bank- Visakhapatnam",undefined,17.698827,83.2980643,"Visakhapatnam","VISAKHAPATNAM",530001
6749249178,"INHS Kalyani Blood Bank",undefined,17.6872253,83.2509603,"Gajuwaka","VISAKHAPATNAM",530005
6749298083,"Indian Red Cross Society Component Blood Bank",undefined,16.7119489,81.0947549,"Eluru","WEST GODAVARI",534006
6749317668,"Maharaja Institute of Medical Sciences Blood Bank",undefined,18.1461054,83.442408,"Vizianagaram","VIZIANAGARAM",535002
6749327559,"Palakol Voluntary Blood Bank",undefined,16.5138702,81.7268524,"Palakol","WEST GODAVARI",534260
6749328890,"Indian Red Cross Society Blood Bank - Kakinada",undefined,16.9700692,82.2276516,"Kakinada","EAST GODAVARI",533004
6749328895,"Katuri Medical College and Hospital Blood Bank",undefined,16.2278299,80.3102624,"Guntur Rural","GUNTUR",522019
6749328896,"Government General Hospital Blood Bank -Kurnool",undefined,15.8191145,78.0398208,,"KURNOOL",518002
6749328897,"Saint Joseph General Hospital Blood Bank",undefined,16.2977136,80.4409142,"Guntur city","GUNTUR",522001
6749328898,"Government Hospital Blood Bank - Tenali",undefined,16.2447749,80.6312518,"Tenali","GUNTUR",522201
6749328903,"Rudhira Voluntary Blood Bank",undefined,16.2434455,80.6463204,"Tenali","GUNTUR",522201
6749328904,"APVVP- Andhra Pradesh Vaidya Vidhana Parishad Area Hospital Blood Bank- Proddatur",undefined,14.7416855,78.551074,"PRODDATUR","YSR",516360
6749328916,"Kanamarlapudi Koteswara Rao Indian Red Cross Society Blood Bank",undefined,14.9060672,79.9914189,"Kavali","SPSR NELLORE",524201
6749328917,"PESIMSR Blood Bank.",undefined,12.7903944,78.3656046,"Kuppam","Chittoor",517425
6749328967,"Viswa Bharathi Blood Bank",undefined,15.81373,78.0375879,,"Kurnool",518002
6749328968,"Narayana Medical College & Hospital Blood Bank",undefined,14.4271648,80.0131213,"Nellore","SPSR NELLORE",524002
6749328969,"Narayana Medical College & Hospital Blood Bank",undefined,14.4250769,80.0136463,"Nellore","SPSR NELLORE",524002
6749333392,"Good Samaritan's Blood Bank",undefined,16.6964834,81.0948515,"Eluru","WEST GODAVARI",534001
6749333393,"Manipal Hospital Bloodbank",undefined,16.4844364,80.6169797,"Guntur Rural","GUNTUR",522501
6749333430,"NRI Medical College and General Hospital's Blood Bank",undefined,16.4148755,80.5573368,"Guntur Rural","GUNTUR",522503
6749333497,"Vijaya Sri Blood  Bank",undefined,16.5129072,80.6356533,"Vijayawada","KRISHNA",520002
6749333498,"Lions Blood Bank",undefined,16.5101286,80.6347735,"Vijayawada","KRISHNA",520002
6749333499,"Lions District 316D Blood Bank",undefined,16.5102906,80.632503,"Vijayawada","KRISHNA",520002
6749333500,"Bethesda Blood Bank",undefined,16.5129715,80.6326807,"Vijayawada","KRISHNA",520002
6749333501,"Suraksha Voluntary Blood Bank",undefined,16.5138915,80.6329047,"Vijayawada","KRISHNA",520002
6749333502,"Rotary Red Cross Blood Bank",undefined,16.5184013,80.6246361,"Vijayawada","KRISHNA",520003
6749339078,"South Central Railway Hospital Blood Bank",undefined,15.1729441,77.3661545,"Guntakal","ANANTAPUR",515801
6749361150,"District Headquarters Hospital Blood Bank- Vizianagaram",undefined,18.1108084,83.3865295,"Vizianagaram","VIZIANAGARAM",535003
6749669137,"Lions Club of Visakhapatnam Blod Bank Trust",undefined,17.7191065,83.3113036,,"VISAKHAPATNAM",530002
6749671111,"Santhiram Medical College & General Hospital Blood Bank",undefined,15.4923697,78.4174431,"Nandyal","KURNOOL",518501
6749678115,"N.T.R. Memorial Trust Blood Bank",undefined,17.7180805,83.3108216,,"VISAKHAPATNAM",530002
6749679930,"Seven Hills Hospital Blood Bank",undefined,17.717249,83.3095448,,"VISAKHAPATNAM",530002
6749682934,"Apollo Hospital's Blood Bank",undefined,17.7170642,83.3092012,,"VISAKHAPATNAM",530002
6749692821,"A. S. Raja Voluntary Blood Bank",undefined,17.7203137,83.313049,,"VISAKHAPATNAM",530002
6749704999,"Indian Red Cross Society Blood Bank - Visakhapatnam",undefined,17.7101869,83.3092518,,"VISAKHAPATNAM",530002
6749722057,"Anil Neerukonda Hospital Blood Bank",undefined,17.9217164,83.4266648,"Sangivalasa","VISAKHAPATNAM",531162
6749753583,"NTR Area Hospital Blood Bank",undefined,17.6842872,83.007229,"Anakapalli","VISAKHAPATNAM",531001
6749755988,"District Hospital's Blood Bank",undefined,17.6845983,83.0067408,"Anakapalli","VISAKHAPATNAM",531001
6749788880,"Visakha Steel General Hospital Blood Bank",undefined,17.6626188,83.1448531,"Gajuwaka","VISAKHAPATNAM",530032
6749816484,"Rotary Blood Bank (Vishaka Port City Rotary Charitable Trust)",undefined,17.7116713,83.3033341,,"VISAKHAPATNAM",530002
6749952899,"S.S.S.I.H.M.S. Blood Bank",undefined,14.1516869,77.7770823,"Puttaparthy","ANANTAPUR",515134
6749956560,"A.P. Vaidya vidhana parishad Area Hospital - IRCS Blood Bank",undefined,14.4256107,78.2315934,"Pulivendula","YSR",516390
6749964130,"Indian Red Cross Society Blood bank - RCH -II KADIRI",undefined,14.1130746,78.1575537,"Kadiri","ANANTAPUR",515591
6749999703,"Boga Parvathamma Blood Bank",undefined,14.4728017,78.8393913,"Kadapa","YSR",516002
6750002768,"Fathima Institute of Medical Sciences Blood Bank",undefined,14.4833502,78.789694,"Kadapa","YSR",516001
6750017724,"Indian Red Cross Society Blood Bank - Kadapa",undefined,14.4838384,78.8190964,"KADAPA","YSR",516001
6750159656,"Area Hospital Blood Bank - Gudivada",undefined,16.4345931,80.9917393,"Gudivada","KRISHNA",521301
6750226737,"District Hospital Blood Bank - Nandyal",undefined,15.4692195,78.4830773,"Nandyal","KURNOOL",518502
6750308747,"Government Hospital Blood Bank - Gudur",undefined,14.1467154,79.8487723,"Gudur","SPSR NELLORE",524101
6750347897,"Government General Hospital Blood Bank",undefined,15.4874735,80.0465207,"Ongole","PRAKASAM",523001
6750354951,"Indian Red Cross Society Blood Bank - Ongole",undefined,15.4980808,80.0514923,"Ongole","PRAKASAM",523001
6750528478,"GMR Varalakshmi Care Hospital Blood Bank",undefined,18.4615298,83.6583768,"Razam","SRIKAKULAM",532127
6750613719,"Area Hospital Blood Bank - Chirala",undefined,15.8248847,80.3612016,"Chirala","PRAKASAM",523155
6750626446,"Great Eastern Medical School & Hospital Blood Bank",undefined,18.3519772,83.9027408,"Ragolu","SRIKAKULAM",532001
6750731691,"G. S. L. Medical College General Hospital's Blood Bank",undefined,17.0666361,81.8831232,"Rajahmundry","EAST GODAVARI",533296
6751486165,"Alluri Sitrarama Raju Academy of Medical Sciences' Blood Bank",undefined,16.7367194,81.1441344,"Eluru","WEST GODAVARI",534005
6751543684,"Government Hospital's Blood Bank",undefined,16.7124087,81.0954684,"Eluru","WEST GODAVARI",534006
6751565134,"Needs Blood Bank",undefined,16.298753,80.449288,"Guntur city","GUNTUR",522001
6751580150,"APVVP- Andhra Pradesh Vaidya Vidhana Parishad Area Hospital's Blood Bank - Kavali",undefined,14.9133894,79.9925655,"Kavali","SPSR NELLORE",524201
6751587222,"Dr. Pinnamaneni Siddhartha Insitiute of Medical Sciences & Research Foundation's (Dr.P.SIMS & RF) Blood Bank",undefined,16.5526328,80.8309785,"Vijayawada","KRISHNA",521286
6751587826,"Nagarjuna Hospital Blood Bank",undefined,16.4873337,80.6842294,"Vijayawada","KRISHNA",520007
6751588368,"Ayush NRI LEPL Health Care Private Limited's Blood Bank",undefined,16.5175218,80.6750965,"Vijayawada","KRISHNA",520008
6751595813,"Government Hospital Blood Bank",undefined,16.1767619,81.138196,"Vijayawada","KRISHNA",521001
6751601246,"YSR University General Hospital's Blood Bank",undefined,16.5165884,80.6700003,"Vijayawada","KRISHNA",520008
6751602745,"Sri Venkateswara Institute of Medical sciences Blood Bank",undefined,13.6377462,79.4043061,"Tirupati","CHITTOOR",517507
6751604428,"Life Line Volunytary Blood Bank",undefined,15.512265,80.0401492,"Ongole","PRAKASAM",523001
6751604745,"Chaitanya Blood Bank",undefined,16.4986987,80.6553715,"Vijayawada","KRISHNA",520010
6751605567,"Rajiv Gandhi Institute of Medical Sciences Blood Bank",undefined,14.4335737,78.8634735,"Kadapa","YSR",516001
6751614537,"NRT Blood Bank",undefined,16.236987,80.0454392,"Narasaraopeta","GUNTUR",522601
6751622444,"Indian Red Cross Society Blood bank - Markapur",undefined,15.7410459,79.255182,"Markapur","PRAKASAM",523316
6751622944,"TTD Central Hospital Blood Bank",undefined,13.6422843,79.4209827,"Tirupati","CHITTOOR",517501
6751631160,"Indian Red Cross Society Blood Bank - RCH 2",undefined,15.623175,77.2690934,"Adoni","KURNOOL",518301
6751645886,"Sri Lakshmi Maternity & Surgical Nursing Home Blood Bank",undefined,16.300279,80.4498754,,"GUNTUR",522001
6751664345,"Indian Red Cross Society - Ananthapur",undefined,14.6549665,77.6097527,,"ANANTAPUR",515001
6751683998,"District Hospital Blood Bank - Rajahmundry",undefined,17.0196239,81.7918704,"Rajahmundry","EAST GODAVARI",533101
6751685203,"Govt. Maternity Hospital's Blood Bank",undefined,13.6401821,79.4080451,"Tirupati","CHITTOOR",517507
6751692288,"Government General Hospital's Blood Bank - Nellore",undefined,14.4253886,79.9631068,"Nellore","SPSR NELLORE",524003
6751696050,"S.V.S. Charitable Trust Blood Bank and Transfusion Centre",undefined,13.6356232,79.4209237,"Tirupati","CHITTOOR",517501
6751700046,"Red Cross Blood Bank - Rapalle",undefined,16.0206547,80.8353397,"Repalle","GUNTUR",522265
6751734825,"Uddaraju Anandaraju Foundation Blood Bank",undefined,16.5430952,81.5158591,"Bhimavaram","WEST GODAVARI",534202
6751739401,"Indian Red Cross Society Blood Bank - Nellore",undefined,14.4439409,79.9799692,"Nellore","SPSR NELLORE",524003
6751739499,"SVRRGGH - Model Blood Bank",undefined,13.6442796,79.4073209,"Tirupati","CHITTOOR",517502
6751746652,"Lions Vision Blood Bank",undefined,16.2992335,80.4493776,"Guntur city","GUNTUR",522001
6751749610,"NTR Memorial Trust Blood Bank",undefined,16.2968434,80.4498862,"Guntur city","GUNTUR",522001
6751760231,"Gitam Institute of Medical Sciences and Research Blood Bank",undefined,17.7844824,83.3749934,,"VISAKHAPATNAM",530045
6751767503,"Rajiv Gandhi Institute of Medical Sciences (RIMS) General Hospital's Blood Bank",undefined,18.3124824,83.8885492,,"SRIKAKULAM",532001
6751777099,"Swatantra Hospital's Blood Bank",undefined,17.0142982,81.777475,"Rajahmundry","EAST GODAVARI",533103
6751780412,"Aswini Hospital's Blood Bank",undefined,13.677294,79.3485282,"Tirumala","CHITTOOR",517507
6751785715,"Indian Red Cross Society Madanapalli RCH 2",undefined,13.5568878,78.5010615,"Madnapalli","CHITTOOR",517325
6751790233,"Rotary Club Blood Bank",undefined,16.9558062,82.2383939,"Kakinada","EAST GODAVARI",533001
6751792570,"Indian Red Cross Society Blood Bank- Jangareddi gudem",undefined,17.13027,81.2919751,"Jangareddygudem","WEST GODAVARI",534447
6751801222,"Government Area General Hospital Blood Bank",undefined,17.3549605,82.5412796,"Tuni","EAST GODAVARI",533401
6751810869,"Government General Hospital's Blood Bank - Guntur",undefined,16.2997152,80.443536,,"GUNTUR",522001
6751811058,"Indian Red Cross Society Blood Bank - Srikakulam",undefined,18.2961708,83.8946713,,"SRIKAKULAM",532001
6751811294,"Dhanwantari Voluntary Blood Bank",undefined,17.0078783,81.7852145,"Rajahmundry","EAST GODAVARI",533103
6751811345,"Government General Hospital, Blood Bank.",undefined,16.9557048,82.2275638,"Kakinada","EAST GODAVARI",533001
6751824089,"Indian Red Cross Society Blood Bank - Guntur",undefined,16.2936447,80.4326195,"Guntur city","GUNTUR",522004
6751827876,"Indian Red Cross Society Blood Bank- Narasapuram",undefined,16.430116,81.6854484,"Narasapuram","WEST GODAVARI",534275
6751829799,"Government General Hospital Blood Bank - Ananthapur",undefined,14.6708405,77.5944219,,"ANANTAPUR",515001
6751836384,"Dr. Pattabhi Red Cross Blood Bank",undefined,16.1868467,81.1447567,"Machilipatnam","KRISHNA",521001
6751844170,"St.Ann's Hospital Blood Bank",undefined,16.5046252,80.6311552,,,520002
6751846411,"Sri Buddala Narasimhamurty Voluntary Blood Bank",undefined,16.7557003,81.6802248,"Tanuku","WEST GODAVARI",534211
6751846719,"Indian Red Cross Society Blood Bank - Narassraopet",undefined,16.2358633,80.0485003,"Narasaraopeta","GUNTUR",522601
6751876413,"Indian Red Cross Society Blood Bank",undefined,18.1187749,83.3892453,"Vizianagaram","VIZIANAGARAM",535003
6751877368,"ASN Raju Charitable Trust Blood Bank",undefined,16.5439694,81.516248,"Bhimavaram","WEST GODAVARI",534202
6751896632,"Rural Development Trust Hospital Blood Bank",undefined,14.6522626,77.6181239,"Bathalapalli","ANANTAPUR",515661
6751897415,"District Head Quarters Hospital Blood Bank.",undefined,13.2171968,79.0969987,,"CHITTOOR",517001
6751919087,"Government Hospital's Blood Bank",undefined,16.5873569,82.0084749,"Amalapuram","EAST GODAVARI",533201
6751922207,"Indian Red Cross Society Blood Bank- RCH-II",undefined,18.7711493,83.4243245,"Parvathipuram","VIZIANAGARAM",535501
6751926653,"Indian Red Cross Society Blood Bank - Hindupur",undefined,13.8325456,77.4922317,"Hindupur","ANANTAPUR",515201
6751930231,"Viswa Bharathi General Hospital's Blood Bank",undefined,15.7428078,77.880334,,"KURNOOL",518467
6751942365,"Anjireddy Multi Specality Blood Bank",undefined,16.4786905,79.8935866,"Piduguralla","GUNTUR",522413
